-- =====================================
-- CREATE DATABASE
-- =====================================
CREATE DATABASE LMS_DB;
GO

USE LMS_DB;
GO

-- =====================================
-- TABLE CREATION (DDL)
-- =====================================

CREATE TABLE LMS_MEMBERS
(
    MEMBER_ID VARCHAR(10) PRIMARY KEY,
    MEMBER_NAME VARCHAR(30) NOT NULL,
    CITY VARCHAR(20),
    DATE_REGISTER DATE NOT NULL,
    DATE_EXPIRE DATE,
    MEMBERSHIP_STATUS VARCHAR(15) NOT NULL
);

CREATE TABLE LMS_SUPPLIERS_DETAILS
(
    SUPPLIER_ID VARCHAR(3) PRIMARY KEY,
    SUPPLIER_NAME VARCHAR(30) NOT NULL,
    ADDRESS VARCHAR(50),
    CONTACT BIGINT NOT NULL,
    EMAIL VARCHAR(50) NOT NULL
);

CREATE TABLE LMS_FINE_DETAILS
(
    FINE_RANGE VARCHAR(3) PRIMARY KEY,
    FINE_AMOUNT DECIMAL(10,2) NOT NULL
);

CREATE TABLE LMS_BOOK_DETAILS
(
    BOOK_CODE VARCHAR(10) PRIMARY KEY,
    BOOK_TITLE VARCHAR(50) NOT NULL,
    CATEGORY VARCHAR(15) NOT NULL,
    AUTHOR VARCHAR(30) NOT NULL,
    PUBLICATION VARCHAR(30),
    PUBLISH_DATE DATE,
    BOOK_EDITION INT,
    PRICE DECIMAL(8,2) NOT NULL,
    RACK_NUM VARCHAR(3),
    DATE_ARRIVAL DATE NOT NULL,
    SUPPLIER_ID VARCHAR(3) NOT NULL,
    FOREIGN KEY (SUPPLIER_ID) REFERENCES LMS_SUPPLIERS_DETAILS(SUPPLIER_ID)
);

CREATE TABLE LMS_BOOK_ISSUE
(
    BOOK_ISSUE_NO INT PRIMARY KEY,
    MEMBER_ID VARCHAR(10) NOT NULL,
    BOOK_CODE VARCHAR(10) NOT NULL,
    DATE_ISSUE DATE NOT NULL,
    DATE_RETURN DATE NOT NULL,
    DATE_RETURNED DATE NULL,
    BOOK_ISSUE_STATUS VARCHAR(20) NOT NULL,
    FINE_RANGE VARCHAR(3),
    FOREIGN KEY (MEMBER_ID) REFERENCES LMS_MEMBERS(MEMBER_ID),
    FOREIGN KEY (BOOK_CODE) REFERENCES LMS_BOOK_DETAILS(BOOK_CODE),
    FOREIGN KEY (FINE_RANGE) REFERENCES LMS_FINE_DETAILS(FINE_RANGE)
);

-- =====================================
-- INSERT DATA (DML)
-- =====================================

INSERT INTO LMS_MEMBERS VALUES
('LM001','AMIT','CHENNAI','2012-02-12','2013-02-11','Temporary'),
('LM002','ABDHUL','DELHI','2012-04-10','2013-04-09','Temporary'),
('LM003','GAYAN','CHENNAI','2013-05-12','2013-05-14','Permanent'),
('LM004','RADHA','CHENNAI','2012-04-22','2013-04-21','Temporary'),
('LM005','GURU','BANGALORE','2012-03-30','2013-03-29','Temporary'),
('LM006','MOHAN','CHENNAI','2012-04-12','2013-04-12','Temporary');

INSERT INTO LMS_SUPPLIERS_DETAILS VALUES
('S01','SINGAPORE SHOPPEE','CHENNAI',9894123555,'sing@gmail.com'),
('S02','JK Stores','MUMBAI',9940123450,'jks@yahoo.com'),
('S03','ROSE BOOK STORE','TRIVANDRUM',9444411222,'rose@gmail.com'),
('S04','KAVARI STORE','DELHI',8630001452,'kavi@redif.com'),
('S05','EINSTEN BOOK GALLARY','US',9542000001,'eingal@aol.com'),
('S06','AKBAR STORE','MUMBAI',7855623100,'akbakst@aol.com');

INSERT INTO LMS_FINE_DETAILS VALUES
('R1',20),('R2',50),('R3',75),
('R4',100),('R5',150),('R6',200);

INSERT INTO LMS_BOOK_DETAILS VALUES
('BL000001','Java How To Do Program','JAVA','Paul J. Deitel','Prentice Hall','1999-12-10',6,600.00,'A1','2011-05-10','S01'),
('BL000002','Java: The Complete Reference','JAVA','Herbert Schildt','Tata Mcgraw Hill','2011-10-10',5,750.00,'A1','2011-05-10','S03'),
('BL000003','Java How To Do Program','JAVA','Paul J. Deitel','Prentice Hall','1999-12-10',6,600.00,'A1','2012-05-12','S01'),
('BL000004','Java: The Complete Reference','JAVA','Herbert Schildt','Tata Mcgraw Hill','2011-10-10',5,750.00,'A1','2012-05-12','S01'),
('BL000005','Java How To Do Program','JAVA','Paul J. Deitel','Prentice Hall','1999-12-10',6,600.00,'A1','2012-05-12','S01'),
('BL000006','Java: The Complete Reference','JAVA','Herbert Schildt','Tata Mcgraw Hill','2011-10-10',5,750.00,'A1','2012-05-12','S03'),
('BL000007','Let Us C','C','Yashavant Kanetkar','BPB Publications','2010-12-11',9,500.00,'A3','2010-01-03','S03'),
('BL000008','Let Us C','C','Yashavant Kanetkar','BPB Publications','2010-12-11',9,500.00,'A3','2010-01-03','S04');

INSERT INTO LMS_BOOK_ISSUE VALUES
(1,'LM001','BL000001','2012-05-01','2012-05-16','2012-05-16','N','R1'),
(2,'LM002','BL000002','2012-04-20','2012-05-06','2012-05-04','N','R2'),
(3,'LM003','BL000007','2012-04-01','2012-04-16','2012-04-20','Y','R1'),
(4,'LM004','BL000005','2012-04-01','2012-04-16','2012-04-20','Y','R1'),
(5,'LM005','BL000008','2012-03-30','2012-04-15','2012-04-20','N','R2');

